{"Aries": [-0.0009435619641386466, 6.442163859966748e-05, 0.0012275651487064342, -0.007198033332503742, 0.0028797261745031567, -0.00021445311598682418, 0.003895716284657312, 0.0007462262355512068, 0.005688848984232415, -0.00014543026704304623, 0.0025292624140601603, 0.0017320758118304393, -9.090611345207532e-05, 0.0004198245852307332, -0.004220063152660496, -0.003906559029010105, -0.003044139932746057, 0.003499181389071225, -0.003413664414704388, 0.0009456863880090797, -0.00020602713265207347, 0.002991137843217262, 0.001083882694440263, -0.007157657125147504, -0.004419588320373452, 0.0034092368462059807, -0.0028731868431230703, 0.0002825464081065753, 0.0018342316570844276, 0.003289157004713468, -0.0007958194448753348, -3.405866233711797e-05, 0.0032245201704948407, -0.0003857824281306087, 0.0033189878910037914, -0.0009898338171031665, -0.0018579874894804932, -0.003678695326424212, 0.003710360534809617, -0.0008425859105270323, 0.0006570180277695773, 0.0006270132767981229, -0.0026829935572496434, -0.001551396476268644, -0.004182368427093596, 0.0017231748703727943, -0.004153724367249428, 0.00041018535001657066, -0.00435053474043167, -0.0023398773044392353], "Taurus": [0.0037614230307776377, -0.0010503282147769997, -0.00044255192904551745, 0.0021850357778097295, -0.0007338503987956013, -0.0010751746676478486, 0.0008303725847289044, -0.001313331892282781, 0.004251884195721496, -0.003192936189376652, -0.0025649265835841263, -0.0005198988936741867, -0.003808828781332889, 0.0027057008254646095, -0.0025591870970781273, 0.0016520319671226111, -0.00046688743077434217, -0.0010350280985534377, 0.0006217516773934507, -0.000979317859717698, 0.001718923859662098, -0.0014824045240543872, 0.0020043042461124687, -0.0026258787542199884, -1.1770143139627822e-05, -0.0006372381529698615, 0.0012359627709208833, -0.006261097620443898, -0.002444288479687157, -0.0018891879602315998, 0.003053980720278906, 0.0036557649536659085, -0.0006146793806514466, -0.0031647770848778046, -0.002950694989003953, -0.004747453870627252, -0.004484805379747051, -0.00020052176316331794, -0.0020880911187242026, 0.00031039786774958835, 0.00047425631865361824, 0.0020021188689627743, 0.001972378909510088, 0.0014891122809090824, 0.0033657505218178496, 0.00045369129136390673, 0.004521168149771689, 0.0018995244586199969, 0.0007710013986771492, -0.0057705269125757075], "Gemini": [0.0023688162817844427, 0.005044929051650475, 0.0008677191755746031, -0.003313574643127916, 0.004098798983388179, -0.0023338189165798325, -0.002421226630658064, 0.0013697161413760157, 0.0010007802314801807, 0.002431427841842672, -0.0008066237559216646, 0.00034671836806147765, 0.002424616960007771, 0.004307495261288548, 0.0042534317099410905, 0.0012119174553101501, 0.0012539942516889976, -0.0007448786843243397, 0.0033652950725024224, 0.003179977059446987, 0.00037366216306135985, 0.001450778334873986, -0.0040152280881838144, 0.001409690902133291, -0.003618475425164288, -0.0026049231844947596, -0.003256989009677693, 0.005931463985602023, 0.001339452196804811, 0.0017107655160170942, 0.0018810054483863285, -0.00020042413335294787, 0.0028106825560128322, -0.004988256310117852, -0.0007490564775466585, -0.0011755676931258375, 0.0018925649103385307, -0.00020427729574315853, -0.0023432741705890414, -0.0020574266452034824, -0.004914657915414048, -0.0008551144264975751, -0.0022137998829132653, 0.004203074622343555, -0.002938065799008871, -0.0003793988050319724, 0.0016229814705843479, -0.0009999499953261585, -0.00041778415514983155, 0.0006940122848092792], "Cancer": [0.002570718692319957, -0.0022009630604175974, -0.0011437312963672186, 0.0006612898762509804, 0.0007573961533959301, 0.0001262594306406969, 0.0010845612184816264, -0.0022338220538296477, 0.0017899846640700007, -0.006829168160167064, -0.001675181480053174, -0.005354801157879937, -0.004648180964187038, 0.002494773175978031, -6.0673268817417856e-05, 0.0025557680968809264, -0.0012332243572085357, 0.000937657373526354, 0.002122053179656776, -0.0017567485025940573, 0.0007468813235916267, 0.001370539060859324, 1.6191540064744842e-05, 0.000955590039895046, 0.0039745284956640625, -0.003800071435390672, -0.005161644203782676, -0.001849930100814678, -0.0009023131306698718, 0.00013629952848714268, -0.0030550893336968262, 0.0017433603011799321, -0.007296729509482296, -0.002389448478282822, -0.0009567362479788176, 0.00040970865694944775, -0.0019613727195824673, -0.004653804929796441, -0.007597277117044482, -0.00414119138734417, -0.002753972491781291, -0.0033237886083733598, 0.002763992827698922, 0.002084316451368988, 0.0028087713626138416, 0.006068988175868376, 0.0025190493402711947, 0.004206354912854642, 0.0011777114601211362, -0.006559965501065271], "Leo": [0.0028414887017890467, 0.0008251332329874881, 0.0012061761608676996, -0.002594397098299975, 0.005548469600983298, -0.0037970806176931943, -0.0028700351158765817, -0.005392452425959288, -0.0012638546989447669, 0.004454630856584354, 0.0007701629652839259, 0.004033037174086729, 0.0037697297621168283, 0.004018099106824401, -0.002979371146041469, -0.003328711933380189, -0.0012137155143465226, -0.0004780192189074241, 0.0025145640239470643, 0.00020916456637612392, 0.001266920035961373, 0.0069806411870535845, 0.0018152885121136349, 0.0010181874895735712, -0.0012576612250620057, -0.0035278472883507207, 0.0031900378227085143, 0.0017131113007567268, 0.0007351776634429877, -0.0031775423783453475, -0.0015710182098922607, -0.0008623388838864809, 0.0016118266839643684, 0.0007890744700866032, -0.0034503191735740617, -0.004398875560409006, 0.0051356621563294165, -0.001101447590500711, 0.0022485659008998444, -0.0017069765496804169, -0.0016529466435987836, 0.00249940451807947, 0.0006949350491453598, -0.0035012107850404504, -0.0027072491028214693, 3.1764545639197984e-05, 0.001494025718094791, -0.0030688901972465007, -0.004097870719999476, -0.001829055773309346], "Virgo": [0.0013179828340209678, 0.0020223284446154845, -0.002724160666121277, -0.0006667162577403802, -0.0003775306082200282, -0.003015947692813846, 0.0011087147551393263, 0.0014599763140829437, 0.0002804732781708163, 0.0006828798920008102, -0.000819372681823098, 0.0008242989878927045, 0.0012607907061579768, 0.00011514371719458405, -0.0053724714054824395, 0.0037437607289586227, 0.0015796689967409992, -0.0001332786885735759, -0.0014649968751933727, 0.00036389005621663417, 0.003941568055998462, -0.0008331599657340251, -0.0023716871581028563, -0.0030500715687540097, -0.00037183161150935984, -0.001399211593390927, 0.0017631277772567951, -0.0033980889802900857, -0.0026132947909903157, 3.69361914773174e-05, -1.2520860162106929e-05, -0.0005959000501060525, 0.00216242355432893, 0.0026136281407083514, -8.072394199563427e-05, -0.00320965476536268, -0.0022919175275085686, 0.0017382809348499809, 0.0022346764509666374, 0.00112656987093259, 0.0016335851560453996, 0.0018021614965251223, 0.006824582807599845, -0.0011072039645132737, 0.0024885359793809826, -0.0030625923976537323, 0.006687934898330014, 0.0006116995690917223, 0.0011499872143347109, -0.0023070275982909495],